{"logo_type":"image","logo_image":"","logo_height":"36","mobile_logo":"","logo_text":"JD Austin","logo_slogan":"hello world","header_height":"60px","favicon":"","boxed_layout":"1","body_bg_image":"","body_bg_repeat":"no-repeat","body_bg_size":"cover","body_bg_attachment":"fixed","body_bg_position":"50% 50%","enabled_copyright":"1","copyright_position":"footer2","copyright_load_pos":"default","copyright":"Copyright \u00a9 {year} JD Austin. All Rights Reserved. <a href=\"http:\/\/joomdev.com\/products\/templates\/jd-austin-template\">Created by Joomdev<\/a>.","goto_top":"1","show_social_icons":"1","social_position":"bottom2","social_load_pos":"default","facebook":"#","twitter":"#","googleplus":"#","pinterest":"","linkedin":"#","dribbble":"","instagram":"#","behance":"","youtube":"#","flickr":"","skype":"","whatsapp":"","vk":"","custom":"","contactinfo":"1","contact_position":"top2","contact_phone":"+228 872 4444","contact_mobile":"+775 872 4444","contact_email":"contact@email.com","contact_time":"","comingsoon_title":"Coming Soon","comingsoon_content":"Our website is under construction, we are working very hard to give you the best experience with this one. You will love Austin as much as we do. It will morph perfectly on your needs!","comingsoon_date":"5-10-2018","comingsoon_logo":"images\/coming-soon-logo1.png","comingsoon_bg_image":"images\/comingSoon.jpg","comingsoon_social_icons":"1","error_logo":"","error_bg":"","preset":"{\"footer_link_hover_color\":\"#ffffff\",\"footer_link_color\":\"#a2a2a2\",\"footer_text_color\":\"#ffffff\",\"footer_bg_color\":\"#171717\",\"menu_dropdown_text_active_color\":\"#f61f58\",\"menu_dropdown_text_hover_color\":\"#f61f58\",\"menu_dropdown_text_color\":\"#252525\",\"menu_dropdown_bg_color\":\"#ffffff\",\"menu_text_active_color\":\"#ffffff\",\"menu_text_hover_color\":\"#ffffff\",\"menu_text_color\":\"#ffffff\",\"logo_text_color\":\"#ffffff\",\"topbar_text_color\":\"#ffffff\",\"topbar_bg_color\":\"#f61f58\",\"header_bg_color\":\"#f61f58\",\"link_hover_color\":\"#ec90a7\",\"link_color\":\"#f61f58\",\"bg_color\":\"#ffffff\",\"text_color\":\"#616161\",\"preset\":\"preset1\"}","custom_style":"1","text_color":"#616161","bg_color":"#ffffff","link_color":"#f61f58","link_hover_color":"#ec90a7","header_bg_color":"#f61f58","logo_text_color":"#ffffff","topbar_bg_color":"#f61f58","topbar_text_color":"#ffffff","menu_text_color":"#ffffff","menu_text_hover_color":"#ffffff","menu_text_active_color":"#ffffff","menu_dropdown_bg_color":"#ffffff","menu_dropdown_text_color":"#252525","menu_dropdown_text_hover_color":"#f61f58","menu_dropdown_text_active_color":"#f61f58","footer_bg_color":"#171717","footer_text_color":"#ffffff","footer_link_color":"#a2a2a2","footer_link_hover_color":"#ffffff","predefined_header":"1","header_style":"style-2","layout":"[{\"type\":\"row\",\"layout\":12,\"settings\":{\"name\":\"slider\",\"fluidrow\":0,\"custom_class\":\"slider\",\"padding\":\"\",\"margin\":\"\",\"color\":\"\",\"link_color\":\"\",\"link_hover_color\":\"\",\"background_color\":\"\",\"background_image\":\"\",\"background_repeat\":\"\",\"background_size\":\"\",\"background_attachment\":\"\",\"background_position\":\"\",\"hide_on_phone\":0,\"hide_on_large_phone\":0,\"hide_on_tablet\":0,\"hide_on_small_desktop\":0,\"hide_on_desktop\":0},\"attr\":[{\"type\":\"sp_col\",\"settings\":{\"grid_size\":12,\"hide_on_desktop\":0,\"hide_on_small_desktop\":0,\"hide_on_tablet\":0,\"hide_on_large_phone\":0,\"hide_on_phone\":0,\"xs_col\":\"\",\"sm_col\":\"\",\"md_col\":\"\",\"xl_col\":\"\",\"custom_class\":\"\",\"name\":\"slider\",\"column_type\":0}}]},{\"type\":\"row\",\"layout\":12,\"settings\":{\"name\":\"Title\",\"fluidrow\":1,\"custom_class\":\"\",\"padding\":\"\",\"margin\":\"\",\"color\":\"\",\"link_color\":\"\",\"link_hover_color\":\"\",\"background_color\":\"\",\"background_image\":\"\",\"background_repeat\":\"\",\"background_size\":\"\",\"background_attachment\":\"\",\"background_position\":\"\",\"hide_on_phone\":0,\"hide_on_large_phone\":0,\"hide_on_tablet\":0,\"hide_on_small_desktop\":0,\"hide_on_desktop\":0},\"attr\":[{\"type\":\"sp_col\",\"settings\":{\"grid_size\":12,\"column_type\":0,\"name\":\"title\",\"custom_class\":\"\",\"xl_col\":\"\",\"md_col\":\"\",\"sm_col\":\"\",\"xs_col\":\"\",\"hide_on_phone\":0,\"hide_on_large_phone\":0,\"hide_on_tablet\":0,\"hide_on_small_desktop\":0,\"hide_on_desktop\":0}}]},{\"type\":\"row\",\"layout\":\"6+6\",\"settings\":{\"name\":\"Content Block\",\"fluidrow\":0,\"custom_class\":\"tp-spacer\",\"padding\":\"\",\"margin\":\"\",\"color\":\"\",\"link_color\":\"\",\"link_hover_color\":\"\",\"background_color\":\"\",\"background_image\":\"\",\"background_repeat\":\"\",\"background_size\":\"\",\"background_attachment\":\"\",\"background_position\":\"\",\"hide_on_phone\":0,\"hide_on_large_phone\":0,\"hide_on_tablet\":0,\"hide_on_small_desktop\":0,\"hide_on_desktop\":0},\"attr\":[{\"type\":\"sp_col\",\"settings\":{\"column_type\":0,\"name\":\"position1\",\"custom_class\":\"\",\"xl_col\":\"\",\"md_col\":\"\",\"sm_col\":\"\",\"xs_col\":\"\",\"hide_on_phone\":0,\"hide_on_large_phone\":0,\"hide_on_tablet\":0,\"hide_on_small_desktop\":0,\"hide_on_desktop\":0,\"grid_size\":6,\"sortableitem\":\"[object Object]\"}},{\"type\":\"sp_col\",\"settings\":{\"column_type\":0,\"name\":\"position2\",\"custom_class\":\"\",\"xl_col\":\"\",\"md_col\":\"\",\"sm_col\":\"\",\"xs_col\":\"\",\"hide_on_phone\":0,\"hide_on_large_phone\":0,\"hide_on_tablet\":0,\"hide_on_small_desktop\":0,\"hide_on_desktop\":0,\"grid_size\":6}}]},{\"type\":\"row\",\"layout\":12,\"settings\":{\"name\":\"About\",\"fluidrow\":0,\"custom_class\":\"tp-spacer\",\"padding\":\"\",\"margin\":\"\",\"color\":\"\",\"link_color\":\"\",\"link_hover_color\":\"\",\"background_color\":\"#f7f7f9\",\"background_image\":\"\",\"background_repeat\":\"\",\"background_size\":\"\",\"background_attachment\":\"\",\"background_position\":\"\",\"hide_on_phone\":0,\"hide_on_large_phone\":0,\"hide_on_tablet\":0,\"hide_on_small_desktop\":0,\"hide_on_desktop\":0},\"attr\":[{\"type\":\"sp_col\",\"settings\":{\"column_type\":0,\"name\":\"aboutus\",\"custom_class\":\"\",\"xl_col\":\"\",\"md_col\":\"\",\"sm_col\":\"\",\"xs_col\":\"\",\"hide_on_phone\":0,\"hide_on_large_phone\":0,\"hide_on_tablet\":0,\"hide_on_small_desktop\":0,\"hide_on_desktop\":0,\"grid_size\":12}}]},{\"type\":\"row\",\"layout\":12,\"settings\":{\"name\":\"Service\",\"fluidrow\":0,\"custom_class\":\"tp-spacer\",\"padding\":\"\",\"margin\":\"\",\"color\":\"\",\"link_color\":\"\",\"link_hover_color\":\"\",\"background_color\":\"#ffffff\",\"background_image\":\"\",\"background_repeat\":\"\",\"background_size\":\"\",\"background_attachment\":\"\",\"background_position\":\"\",\"hide_on_phone\":0,\"hide_on_large_phone\":0,\"hide_on_tablet\":0,\"hide_on_small_desktop\":0,\"hide_on_desktop\":0},\"attr\":[{\"type\":\"sp_col\",\"settings\":{\"grid_size\":12,\"hide_on_desktop\":0,\"hide_on_small_desktop\":0,\"hide_on_tablet\":0,\"hide_on_large_phone\":0,\"hide_on_phone\":0,\"xs_col\":\"\",\"sm_col\":\"\",\"md_col\":\"\",\"xl_col\":\"\",\"custom_class\":\"\",\"name\":\"services\",\"column_type\":0}}]},{\"type\":\"row\",\"layout\":12,\"settings\":{\"name\":\"Position3\",\"fluidrow\":0,\"custom_class\":\"tp-spacer\",\"padding\":\"\",\"margin\":\"\",\"color\":\"\",\"link_color\":\"\",\"link_hover_color\":\"\",\"background_color\":\"#f7f7f9\",\"background_image\":\"\",\"background_repeat\":\"\",\"background_size\":\"\",\"background_attachment\":\"\",\"background_position\":\"\",\"hide_on_phone\":0,\"hide_on_large_phone\":0,\"hide_on_tablet\":0,\"hide_on_small_desktop\":0,\"hide_on_desktop\":0},\"attr\":[{\"type\":\"sp_col\",\"settings\":{\"column_type\":0,\"name\":\"position3\",\"custom_class\":\"\",\"xl_col\":\"\",\"md_col\":\"\",\"sm_col\":\"\",\"xs_col\":\"\",\"hide_on_phone\":0,\"hide_on_large_phone\":0,\"hide_on_tablet\":0,\"hide_on_small_desktop\":0,\"hide_on_desktop\":0,\"grid_size\":12}}]},{\"type\":\"row\",\"layout\":\"4+4+4\",\"settings\":{\"name\":\"Main Body\",\"fluidrow\":0,\"custom_class\":\"\",\"padding\":\"\",\"margin\":\"\",\"color\":\"\",\"link_color\":\"\",\"link_hover_color\":\"\",\"background_color\":\"\",\"hidden_xs\":0,\"hidden_sm\":0,\"hidden_md\":0},\"attr\":[{\"type\":\"sp_col\",\"settings\":{\"column_type\":0,\"custom_class\":\"\",\"xs_col\":\"\",\"sm_col\":\"\",\"hidden_md\":0,\"hidden_sm\":0,\"hidden_xs\":0,\"name\":\"left\",\"grid_size\":4}},{\"type\":\"sp_col\",\"settings\":{\"column_type\":1,\"grid_size\":4,\"custom_class\":\"\",\"xs_col\":\"\",\"sm_col\":\"\",\"hidden_md\":0,\"hidden_sm\":0,\"hidden_xs\":0,\"sortableitem\":\"[object Object]\"}},{\"type\":\"sp_col\",\"settings\":{\"custom_class\":\"\",\"xs_col\":\"\",\"sm_col\":\"\",\"hidden_md\":0,\"hidden_sm\":0,\"hidden_xs\":0,\"name\":\"right\",\"column_type\":0,\"grid_size\":4}}]},{\"type\":\"row\",\"layout\":12,\"settings\":{\"name\":\"Skill\",\"fluidrow\":0,\"custom_class\":\"skills-wrapper tp-spacer\",\"padding\":\"\",\"margin\":\"\",\"color\":\"#ffffff\",\"link_color\":\"#ffffff\",\"link_hover_color\":\"#ffffff\",\"background_color\":\"#f61f58\",\"background_image\":\"\",\"background_repeat\":\"no-repeat\",\"background_size\":\"cover\",\"background_attachment\":\"scroll\",\"background_position\":\"0 0\",\"hide_on_phone\":0,\"hide_on_large_phone\":0,\"hide_on_tablet\":0,\"hide_on_small_desktop\":0,\"hide_on_desktop\":0},\"attr\":[{\"type\":\"sp_col\",\"settings\":{\"column_type\":0,\"name\":\"skills\",\"custom_class\":\"\",\"xl_col\":\"\",\"md_col\":\"\",\"sm_col\":\"\",\"xs_col\":\"\",\"hide_on_phone\":0,\"hide_on_large_phone\":0,\"hide_on_tablet\":0,\"hide_on_small_desktop\":0,\"hide_on_desktop\":0,\"grid_size\":12}}]},{\"type\":\"row\",\"layout\":12,\"settings\":{\"name\":\"Portfolios\",\"fluidrow\":0,\"custom_class\":\"portfolio-wrapper tp-spacer\",\"padding\":\"\",\"margin\":\"\",\"color\":\"\",\"link_color\":\"\",\"link_hover_color\":\"\",\"background_color\":\"#ffffff\",\"background_image\":\"\",\"background_repeat\":\"\",\"background_size\":\"\",\"background_attachment\":\"\",\"background_position\":\"\",\"hide_on_phone\":0,\"hide_on_large_phone\":0,\"hide_on_tablet\":0,\"hide_on_small_desktop\":0,\"hide_on_desktop\":0},\"attr\":[{\"type\":\"sp_col\",\"settings\":{\"column_type\":0,\"name\":\"portfolio\",\"custom_class\":\"\",\"xl_col\":\"\",\"md_col\":\"\",\"sm_col\":\"\",\"xs_col\":\"\",\"hide_on_phone\":0,\"hide_on_large_phone\":0,\"hide_on_tablet\":0,\"hide_on_small_desktop\":0,\"hide_on_desktop\":0,\"grid_size\":12}}]},{\"type\":\"row\",\"layout\":12,\"settings\":{\"name\":\"Position4\",\"fluidrow\":0,\"custom_class\":\"tp-spacer\",\"padding\":\"\",\"margin\":\"\",\"color\":\"\",\"link_color\":\"\",\"link_hover_color\":\"\",\"background_color\":\"#f7f7f9\",\"background_image\":\"\",\"background_repeat\":\"\",\"background_size\":\"\",\"background_attachment\":\"\",\"background_position\":\"\",\"hide_on_phone\":0,\"hide_on_large_phone\":0,\"hide_on_tablet\":0,\"hide_on_small_desktop\":0,\"hide_on_desktop\":0},\"attr\":[{\"type\":\"sp_col\",\"settings\":{\"column_type\":0,\"name\":\"position4\",\"custom_class\":\"\",\"xl_col\":\"\",\"md_col\":\"\",\"sm_col\":\"\",\"xs_col\":\"\",\"hide_on_phone\":0,\"hide_on_large_phone\":0,\"hide_on_tablet\":0,\"hide_on_small_desktop\":0,\"hide_on_desktop\":0,\"grid_size\":12}}]},{\"type\":\"row\",\"layout\":12,\"settings\":{\"name\":\"Advisors\",\"fluidrow\":0,\"custom_class\":\"tp-spacer\",\"padding\":\"\",\"margin\":\"\",\"color\":\"\",\"link_color\":\"\",\"link_hover_color\":\"\",\"background_color\":\"#ffffff\",\"background_image\":\"\",\"background_repeat\":\"\",\"background_size\":\"\",\"background_attachment\":\"\",\"background_position\":\"\",\"hide_on_phone\":0,\"hide_on_large_phone\":0,\"hide_on_tablet\":0,\"hide_on_small_desktop\":0,\"hide_on_desktop\":0},\"attr\":[{\"type\":\"sp_col\",\"settings\":{\"column_type\":0,\"name\":\"advisors\",\"custom_class\":\"\",\"xl_col\":\"\",\"md_col\":\"\",\"sm_col\":\"\",\"xs_col\":\"\",\"hide_on_phone\":0,\"hide_on_large_phone\":0,\"hide_on_tablet\":0,\"hide_on_small_desktop\":0,\"hide_on_desktop\":0,\"grid_size\":12}}]},{\"type\":\"row\",\"layout\":12,\"settings\":{\"name\":\"Blogs\",\"fluidrow\":0,\"custom_class\":\"tp-spacer\",\"padding\":\"\",\"margin\":\"\",\"color\":\"\",\"link_color\":\"\",\"link_hover_color\":\"\",\"background_color\":\"#f7f7f9\",\"background_image\":\"\",\"background_repeat\":\"\",\"background_size\":\"\",\"background_attachment\":\"\",\"background_position\":\"\",\"hide_on_phone\":0,\"hide_on_large_phone\":0,\"hide_on_tablet\":0,\"hide_on_small_desktop\":0,\"hide_on_desktop\":0},\"attr\":[{\"type\":\"sp_col\",\"settings\":{\"column_type\":0,\"name\":\"blog\",\"custom_class\":\"\",\"xl_col\":\"\",\"md_col\":\"\",\"sm_col\":\"\",\"xs_col\":\"\",\"hide_on_phone\":0,\"hide_on_large_phone\":0,\"hide_on_tablet\":0,\"hide_on_small_desktop\":0,\"hide_on_desktop\":0,\"grid_size\":12}}]},{\"type\":\"row\",\"layout\":12,\"settings\":{\"name\":\"Position5\",\"fluidrow\":0,\"custom_class\":\"tp-spacer\",\"padding\":\"\",\"margin\":\"\",\"color\":\"\",\"link_color\":\"\",\"link_hover_color\":\"\",\"background_color\":\"\",\"background_image\":\"\",\"background_repeat\":\"\",\"background_size\":\"\",\"background_attachment\":\"\",\"background_position\":\"\",\"hide_on_phone\":0,\"hide_on_large_phone\":0,\"hide_on_tablet\":0,\"hide_on_small_desktop\":0,\"hide_on_desktop\":0},\"attr\":[{\"type\":\"sp_col\",\"settings\":{\"column_type\":0,\"name\":\"position5\",\"custom_class\":\"\",\"xl_col\":\"\",\"md_col\":\"\",\"sm_col\":\"\",\"xs_col\":\"\",\"hide_on_phone\":0,\"hide_on_large_phone\":0,\"hide_on_tablet\":0,\"hide_on_small_desktop\":0,\"hide_on_desktop\":0,\"grid_size\":12}}]},{\"type\":\"row\",\"layout\":\"6+6\",\"settings\":{\"name\":\"Client & Testimonials\",\"fluidrow\":0,\"custom_class\":\"client-testimonials-wrapper tp-spacer\",\"padding\":\"\",\"margin\":\"\",\"color\":\"\",\"link_color\":\"\",\"link_hover_color\":\"\",\"background_color\":\"\",\"background_image\":\"images\/clients.jpg\",\"background_repeat\":\"no-repeat\",\"background_size\":\"cover\",\"background_attachment\":\"\",\"background_position\":\"50% 50%\",\"hide_on_phone\":0,\"hide_on_large_phone\":0,\"hide_on_tablet\":0,\"hide_on_small_desktop\":0,\"hide_on_desktop\":0},\"attr\":[{\"type\":\"sp_col\",\"settings\":{\"column_type\":0,\"name\":\"client\",\"custom_class\":\"\",\"xl_col\":\"\",\"md_col\":\"\",\"sm_col\":\"\",\"xs_col\":\"\",\"hide_on_phone\":0,\"hide_on_large_phone\":0,\"hide_on_tablet\":0,\"hide_on_small_desktop\":0,\"hide_on_desktop\":0,\"sortableitem\":\"[object Object]\",\"grid_size\":6}},{\"type\":\"sp_col\",\"settings\":{\"column_type\":0,\"name\":\"testimonials\",\"custom_class\":\"\",\"xl_col\":\"\",\"md_col\":\"\",\"sm_col\":\"\",\"xs_col\":\"\",\"hide_on_phone\":0,\"hide_on_large_phone\":0,\"hide_on_tablet\":0,\"hide_on_small_desktop\":0,\"hide_on_desktop\":0,\"grid_size\":6}}]},{\"type\":\"row\",\"layout\":\"6+6\",\"settings\":{\"name\":\"Contact\",\"fluidrow\":0,\"custom_class\":\"tp-spacer\",\"padding\":\"\",\"margin\":\"\",\"color\":\"\",\"link_color\":\"\",\"link_hover_color\":\"\",\"background_color\":\"#ffffff\",\"background_image\":\"\",\"background_repeat\":\"\",\"background_size\":\"\",\"background_attachment\":\"\",\"background_position\":\"\",\"hide_on_phone\":0,\"hide_on_large_phone\":0,\"hide_on_tablet\":0,\"hide_on_small_desktop\":0,\"hide_on_desktop\":0},\"attr\":[{\"type\":\"sp_col\",\"settings\":{\"column_type\":0,\"name\":\"position6\",\"custom_class\":\"contact-form-wrapper\",\"xl_col\":\"\",\"md_col\":\"\",\"sm_col\":\"\",\"xs_col\":\"\",\"hide_on_phone\":0,\"hide_on_large_phone\":0,\"hide_on_tablet\":0,\"hide_on_small_desktop\":0,\"hide_on_desktop\":0,\"sortableitem\":\"[object Object]\",\"grid_size\":6}},{\"type\":\"sp_col\",\"settings\":{\"column_type\":0,\"name\":\"position7\",\"custom_class\":\"contact-map-wrapper\",\"xl_col\":\"\",\"md_col\":\"\",\"sm_col\":\"\",\"xs_col\":\"\",\"hide_on_phone\":0,\"hide_on_large_phone\":0,\"hide_on_tablet\":0,\"hide_on_small_desktop\":0,\"hide_on_desktop\":0,\"grid_size\":6}}]},{\"type\":\"row\",\"layout\":12,\"settings\":{\"name\":\"Position8\",\"fluidrow\":0,\"custom_class\":\"tp-spacer\",\"padding\":\"\",\"margin\":\"\",\"color\":\"\",\"link_color\":\"\",\"link_hover_color\":\"\",\"background_color\":\"#f7f7f9\",\"background_image\":\"\",\"background_repeat\":\"\",\"background_size\":\"\",\"background_attachment\":\"\",\"background_position\":\"\",\"hide_on_phone\":0,\"hide_on_large_phone\":0,\"hide_on_tablet\":0,\"hide_on_small_desktop\":0,\"hide_on_desktop\":0},\"attr\":[{\"type\":\"sp_col\",\"settings\":{\"column_type\":0,\"name\":\"position8\",\"custom_class\":\"\",\"xl_col\":\"\",\"md_col\":\"\",\"sm_col\":\"\",\"xs_col\":\"\",\"hide_on_phone\":0,\"hide_on_large_phone\":0,\"hide_on_tablet\":0,\"hide_on_small_desktop\":0,\"hide_on_desktop\":0,\"grid_size\":12}}]},{\"type\":\"row\",\"layout\":\"8+4\",\"settings\":{\"hide_on_desktop\":0,\"hide_on_small_desktop\":0,\"hide_on_tablet\":0,\"hide_on_large_phone\":0,\"hide_on_phone\":0,\"background_position\":\"\",\"background_attachment\":\"\",\"background_size\":\"\",\"background_repeat\":\"\",\"background_image\":\"\",\"background_color\":\"#f61f58\",\"link_hover_color\":\"#ffffff\",\"link_color\":\"#ffffff\",\"color\":\"#ffffff\",\"margin\":\"\",\"padding\":\"\",\"custom_class\":\"\",\"fluidrow\":0,\"name\":\"Bottom\",\"hidden_xs\":0,\"hidden_sm\":0,\"hidden_md\":0},\"attr\":[{\"type\":\"sp_col\",\"settings\":{\"sortableitem\":\"[object Object]\",\"column_type\":0,\"name\":\"bottom1\",\"hidden_xs\":0,\"hidden_sm\":0,\"hidden_md\":0,\"sm_col\":\"col-sm-6\",\"xs_col\":\"\",\"custom_class\":\"\",\"grid_size\":8}},{\"type\":\"sp_col\",\"settings\":{\"sortableitem\":\"[object Object]\",\"custom_class\":\"\",\"xs_col\":\"\",\"sm_col\":\"col-sm-6\",\"hidden_md\":0,\"hidden_sm\":0,\"hidden_xs\":0,\"name\":\"bottom2\",\"column_type\":0,\"grid_size\":4}}]},{\"type\":\"row\",\"layout\":\"6+6\",\"settings\":{\"hide_on_desktop\":0,\"hide_on_small_desktop\":0,\"hide_on_tablet\":0,\"hide_on_large_phone\":0,\"hide_on_phone\":0,\"background_position\":\"\",\"background_attachment\":\"\",\"background_size\":\"\",\"background_repeat\":\"\",\"background_image\":\"\",\"background_color\":\"#f61f58\",\"link_hover_color\":\"#ffffff\",\"link_color\":\"#ffffff\",\"color\":\"#ffffff\",\"margin\":\"\",\"padding\":\"\",\"custom_class\":\"footer-wrapper\",\"fluidrow\":0,\"name\":\"Footer\"},\"attr\":[{\"type\":\"sp_col\",\"settings\":{\"sortableitem\":\"[object Object]\",\"grid_size\":6,\"hide_on_desktop\":0,\"hide_on_small_desktop\":0,\"hide_on_tablet\":0,\"hide_on_large_phone\":0,\"hide_on_phone\":0,\"xs_col\":\"\",\"sm_col\":\"\",\"md_col\":\"\",\"xl_col\":\"\",\"custom_class\":\"\",\"name\":\"footer1\",\"column_type\":0}},{\"type\":\"sp_col\",\"settings\":{\"sortableitem\":\"[object Object]\",\"grid_size\":6,\"hide_on_desktop\":0,\"hide_on_small_desktop\":0,\"hide_on_tablet\":0,\"hide_on_large_phone\":0,\"hide_on_phone\":0,\"xs_col\":\"\",\"sm_col\":\"\",\"md_col\":\"\",\"xl_col\":\"\",\"custom_class\":\"\",\"name\":\"footer2\",\"column_type\":0}}]}]","menu":"mainmenu","menu_type":"mega_offcanvas","dropdown_width":"","menu_animation":"menu-animation-none","offcanvas_position":"right","enable_body_font":"1","body_font":"{\"fontFamily\":\"Open Sans\",\"fontSize\":\"16\",\"fontWeight\":\"400\",\"fontStyle\":\"normal\",\"fontSubset\":\"latin\"}","enable_h1_font":"1","h1_font":"{\"fontFamily\":\"Poppins\",\"fontSize\":\"42\",\"fontWeight\":\"600\",\"fontStyle\":\"normal\",\"fontSubset\":\"latin\"}","enable_h2_font":"1","h2_font":"{\"fontFamily\":\"Poppins\",\"fontSize\":\"32\",\"fontWeight\":\"600\",\"fontStyle\":\"normal\",\"fontSubset\":\"latin\"}","enable_h3_font":"1","h3_font":"{\"fontFamily\":\"Poppins\",\"fontSize\":\"28\",\"fontWeight\":\"600\",\"fontStyle\":\"normal\",\"fontSubset\":\"latin\"}","enable_h4_font":"1","h4_font":"{\"fontFamily\":\"Poppins\",\"fontSize\":\"24\",\"fontWeight\":\"600\",\"fontStyle\":\"\",\"fontSubset\":\"latin\"}","enable_h5_font":"1","h5_font":"{\"fontFamily\":\"Poppins\",\"fontSize\":\"20\",\"fontWeight\":\"500\",\"fontStyle\":\"normal\",\"fontSubset\":\"latin\"}","enable_h6_font":"1","h6_font":"{\"fontFamily\":\"Poppins\",\"fontSize\":\"18\",\"fontWeight\":\"500\",\"fontStyle\":\"normal\",\"fontSubset\":\"latin\"}","enable_navigation_font":"1","navigation_font":"{\"fontFamily\":\"Open Sans\",\"fontSize\":\"16\",\"fontWeight\":\"400\",\"fontStyle\":\"normal\",\"fontSubset\":\"cyrillic-ext\"}","custom_font":"{\"fontFamily\":\"Arial\",\"fontSize\":\"\",\"fontWeight\":\"\",\"fontStyle\":\"\",\"fontSubset\":\"\"}","custom_font_selectors":"","image_small":"1","image_small_size":"100X100","image_thumbnail":"1","image_thumbnail_size":"600X340","image_medium":"1","image_medium_size":"300X300","image_large":"1","image_large_size":"600X600","image_crop_quality":"100","blog_list_image":"thumbnail","leading_blog_list_image":"large","blog_details_image":"default","social_share":"1","og_fb_id":"","og_twitter_site":"","comment":"disabled","comment_disqus_subdomain":"","comment_disqus_devmode":"1","comment_intensedebate_acc":"","comment_facebook_app_id":"","comment_facebook_width":"100","comment_facebook_number":"10","comments_count":"1","before_head":"","before_body":"","custom_css":"","custom_js":"","compress_css":"1","compress_js":"1","exclude_js":"","scssoption":"1"}