{"logo_type":"image","logo_image":"images\/logo.png","logo_height":"36","mobile_logo":"","logo_text":"JD Austin","logo_slogan":"hello world","header_height":"60px","sticky_header":"1","favicon":"","body_bg_image":"","body_bg_repeat":"no-repeat","body_bg_size":"cover","body_bg_attachment":"fixed","body_bg_position":"50% 50%","enabled_copyright":"1","copyright_position":"footer2","copyright_load_pos":"default","copyright":"Copyright \u00a9 {year} JD Austin. All Rights Reserved. <a href=\"http:\/\/joomdev.com\/products\/templates\/jd-austin-template\">Created by Joomdev<\/a>.","goto_top":"1","show_social_icons":"1","social_position":"bottom2","social_load_pos":"default","facebook":"#","twitter":"#","googleplus":"#","pinterest":"","linkedin":"#","dribbble":"","instagram":"#","behance":"","youtube":"#","flickr":"","skype":"","whatsapp":"","vk":"","custom":"","contactinfo":"1","contact_position":"top2","contact_phone":"+228 872 4444","contact_mobile":"+775 872 4444","contact_email":"contact@email.com","contact_time":"","comingsoon_title":"Coming Soon","comingsoon_content":"Our website is under construction, we are working very hard to give you the best experience with this one. You will love Austin as much as we do. It will morph perfectly on your needs!","comingsoon_date":"5-10-2018","comingsoon_logo":"images\/coming-soon-logo1.png","comingsoon_bg_image":"images\/comingSoon.jpg","comingsoon_social_icons":"1","error_logo":"","error_bg":"","preset":"{\"footer_link_hover_color\":\"#ffffff\",\"footer_link_color\":\"#a2a2a2\",\"footer_text_color\":\"#ffffff\",\"footer_bg_color\":\"#171717\",\"menu_dropdown_text_active_color\":\"#f61f58\",\"menu_dropdown_text_hover_color\":\"#f61f58\",\"menu_dropdown_text_color\":\"#252525\",\"menu_dropdown_bg_color\":\"#ffffff\",\"menu_text_active_color\":\"#ffffff\",\"menu_text_hover_color\":\"#ffffff\",\"menu_text_color\":\"#ffffff\",\"logo_text_color\":\"#ffffff\",\"topbar_text_color\":\"#ffffff\",\"topbar_bg_color\":\"#f61f58\",\"header_bg_color\":\"#f61f58\",\"link_hover_color\":\"#ec90a7\",\"link_color\":\"#f61f58\",\"bg_color\":\"#ffffff\",\"text_color\":\"#616161\",\"preset\":\"preset1\"}","custom_style":"1","text_color":"#616161","bg_color":"#ffffff","link_color":"#f61f58","link_hover_color":"#ec90a7","header_bg_color":"#f61f58","logo_text_color":"#ffffff","topbar_bg_color":"#f61f58","topbar_text_color":"#ffffff","menu_text_color":"#ffffff","menu_text_hover_color":"#ffffff","menu_text_active_color":"#ffffff","menu_dropdown_bg_color":"#ffffff","menu_dropdown_text_color":"#252525","menu_dropdown_text_hover_color":"#f61f58","menu_dropdown_text_active_color":"#f61f58","footer_bg_color":"#171717","footer_text_color":"#ffffff","footer_link_color":"#a2a2a2","footer_link_hover_color":"#ffffff","predefined_header":"1","header_style":"style-2","layout":"[{\"type\":\"row\",\"layout\":12,\"settings\":{\"hide_on_desktop\":0,\"hide_on_small_desktop\":0,\"hide_on_tablet\":0,\"hide_on_large_phone\":0,\"hide_on_phone\":0,\"background_position\":\"\",\"background_attachment\":\"\",\"background_size\":\"\",\"background_repeat\":\"\",\"background_image\":\"\",\"background_color\":\"\",\"link_hover_color\":\"\",\"link_color\":\"\",\"color\":\"\",\"margin\":\"\",\"padding\":\"\",\"custom_class\":\"slider\",\"fluidrow\":0,\"name\":\"slider\"},\"attr\":[{\"type\":\"sp_col\",\"settings\":{\"column_type\":0,\"name\":\"slider\",\"custom_class\":\"\",\"xl_col\":\"\",\"md_col\":\"\",\"sm_col\":\"\",\"xs_col\":\"\",\"hide_on_phone\":0,\"hide_on_large_phone\":0,\"hide_on_tablet\":0,\"hide_on_small_desktop\":0,\"hide_on_desktop\":0,\"grid_size\":12}}]},{\"type\":\"row\",\"layout\":12,\"settings\":{\"hide_on_desktop\":0,\"hide_on_small_desktop\":0,\"hide_on_tablet\":0,\"hide_on_large_phone\":0,\"hide_on_phone\":0,\"background_position\":\"\",\"background_attachment\":\"\",\"background_size\":\"\",\"background_repeat\":\"\",\"background_image\":\"\",\"background_color\":\"\",\"link_hover_color\":\"\",\"link_color\":\"\",\"color\":\"\",\"margin\":\"\",\"padding\":\"\",\"custom_class\":\"\",\"fluidrow\":1,\"name\":\"Title\"},\"attr\":[{\"type\":\"sp_col\",\"settings\":{\"hide_on_desktop\":0,\"hide_on_small_desktop\":0,\"hide_on_tablet\":0,\"hide_on_large_phone\":0,\"hide_on_phone\":0,\"xs_col\":\"\",\"sm_col\":\"\",\"md_col\":\"\",\"xl_col\":\"\",\"custom_class\":\"\",\"name\":\"title\",\"column_type\":0,\"grid_size\":12}}]},{\"type\":\"row\",\"layout\":\"6+6\",\"settings\":{\"hide_on_desktop\":0,\"hide_on_small_desktop\":0,\"hide_on_tablet\":0,\"hide_on_large_phone\":0,\"hide_on_phone\":0,\"background_position\":\"\",\"background_attachment\":\"\",\"background_size\":\"\",\"background_repeat\":\"\",\"background_image\":\"\",\"background_color\":\"\",\"link_hover_color\":\"\",\"link_color\":\"\",\"color\":\"\",\"margin\":\"\",\"padding\":\"\",\"custom_class\":\"tp-spacer\",\"fluidrow\":0,\"name\":\"Content Block\"},\"attr\":[{\"type\":\"sp_col\",\"settings\":{\"sortableitem\":\"[object Object]\",\"grid_size\":6,\"hide_on_desktop\":0,\"hide_on_small_desktop\":0,\"hide_on_tablet\":0,\"hide_on_large_phone\":0,\"hide_on_phone\":0,\"xs_col\":\"\",\"sm_col\":\"\",\"md_col\":\"\",\"xl_col\":\"\",\"custom_class\":\"\",\"name\":\"position1\",\"column_type\":0}},{\"type\":\"sp_col\",\"settings\":{\"grid_size\":6,\"hide_on_desktop\":0,\"hide_on_small_desktop\":0,\"hide_on_tablet\":0,\"hide_on_large_phone\":0,\"hide_on_phone\":0,\"xs_col\":\"\",\"sm_col\":\"\",\"md_col\":\"\",\"xl_col\":\"\",\"custom_class\":\"\",\"name\":\"position2\",\"column_type\":0}}]},{\"type\":\"row\",\"layout\":12,\"settings\":{\"hide_on_desktop\":0,\"hide_on_small_desktop\":0,\"hide_on_tablet\":0,\"hide_on_large_phone\":0,\"hide_on_phone\":0,\"background_position\":\"\",\"background_attachment\":\"\",\"background_size\":\"\",\"background_repeat\":\"\",\"background_image\":\"\",\"background_color\":\"#f7f7f9\",\"link_hover_color\":\"\",\"link_color\":\"\",\"color\":\"\",\"margin\":\"\",\"padding\":\"\",\"custom_class\":\"tp-spacer\",\"fluidrow\":0,\"name\":\"About\"},\"attr\":[{\"type\":\"sp_col\",\"settings\":{\"grid_size\":12,\"hide_on_desktop\":0,\"hide_on_small_desktop\":0,\"hide_on_tablet\":0,\"hide_on_large_phone\":0,\"hide_on_phone\":0,\"xs_col\":\"\",\"sm_col\":\"\",\"md_col\":\"\",\"xl_col\":\"\",\"custom_class\":\"\",\"name\":\"aboutus\",\"column_type\":0}}]},{\"type\":\"row\",\"layout\":12,\"settings\":{\"hide_on_desktop\":0,\"hide_on_small_desktop\":0,\"hide_on_tablet\":0,\"hide_on_large_phone\":0,\"hide_on_phone\":0,\"background_position\":\"\",\"background_attachment\":\"\",\"background_size\":\"\",\"background_repeat\":\"\",\"background_image\":\"\",\"background_color\":\"#ffffff\",\"link_hover_color\":\"\",\"link_color\":\"\",\"color\":\"\",\"margin\":\"\",\"padding\":\"\",\"custom_class\":\"tp-spacer\",\"fluidrow\":0,\"name\":\"Service\"},\"attr\":[{\"type\":\"sp_col\",\"settings\":{\"column_type\":0,\"name\":\"services\",\"custom_class\":\"\",\"xl_col\":\"\",\"md_col\":\"\",\"sm_col\":\"\",\"xs_col\":\"\",\"hide_on_phone\":0,\"hide_on_large_phone\":0,\"hide_on_tablet\":0,\"hide_on_small_desktop\":0,\"hide_on_desktop\":0,\"grid_size\":12}}]},{\"type\":\"row\",\"layout\":12,\"settings\":{\"hide_on_desktop\":0,\"hide_on_small_desktop\":0,\"hide_on_tablet\":0,\"hide_on_large_phone\":0,\"hide_on_phone\":0,\"background_position\":\"\",\"background_attachment\":\"\",\"background_size\":\"\",\"background_repeat\":\"\",\"background_image\":\"\",\"background_color\":\"#f7f7f9\",\"link_hover_color\":\"\",\"link_color\":\"\",\"color\":\"\",\"margin\":\"\",\"padding\":\"\",\"custom_class\":\"tp-spacer\",\"fluidrow\":0,\"name\":\"Position3\"},\"attr\":[{\"type\":\"sp_col\",\"settings\":{\"grid_size\":12,\"hide_on_desktop\":0,\"hide_on_small_desktop\":0,\"hide_on_tablet\":0,\"hide_on_large_phone\":0,\"hide_on_phone\":0,\"xs_col\":\"\",\"sm_col\":\"\",\"md_col\":\"\",\"xl_col\":\"\",\"custom_class\":\"\",\"name\":\"position3\",\"column_type\":0}}]},{\"type\":\"row\",\"layout\":\"4+4+4\",\"settings\":{\"hidden_md\":0,\"hidden_sm\":0,\"hidden_xs\":0,\"background_color\":\"\",\"link_hover_color\":\"\",\"link_color\":\"\",\"color\":\"\",\"margin\":\"\",\"padding\":\"\",\"custom_class\":\"\",\"fluidrow\":0,\"name\":\"Main Body\"},\"attr\":[{\"type\":\"sp_col\",\"settings\":{\"grid_size\":4,\"name\":\"left\",\"hidden_xs\":0,\"hidden_sm\":0,\"hidden_md\":0,\"sm_col\":\"\",\"xs_col\":\"\",\"custom_class\":\"\",\"column_type\":0}},{\"type\":\"sp_col\",\"settings\":{\"sortableitem\":\"[object Object]\",\"hidden_xs\":0,\"hidden_sm\":0,\"hidden_md\":0,\"sm_col\":\"\",\"xs_col\":\"\",\"custom_class\":\"\",\"grid_size\":4,\"column_type\":1}},{\"type\":\"sp_col\",\"settings\":{\"grid_size\":4,\"column_type\":0,\"name\":\"right\",\"hidden_xs\":0,\"hidden_sm\":0,\"hidden_md\":0,\"sm_col\":\"\",\"xs_col\":\"\",\"custom_class\":\"\"}}]},{\"type\":\"row\",\"layout\":12,\"settings\":{\"hide_on_desktop\":0,\"hide_on_small_desktop\":0,\"hide_on_tablet\":0,\"hide_on_large_phone\":0,\"hide_on_phone\":0,\"background_position\":\"0 0\",\"background_attachment\":\"scroll\",\"background_size\":\"cover\",\"background_repeat\":\"no-repeat\",\"background_image\":\"\",\"background_color\":\"#f61f58\",\"link_hover_color\":\"#ffffff\",\"link_color\":\"#ffffff\",\"color\":\"#ffffff\",\"margin\":\"\",\"padding\":\"\",\"custom_class\":\"skills-wrapper tp-spacer\",\"fluidrow\":0,\"name\":\"Skill\"},\"attr\":[{\"type\":\"sp_col\",\"settings\":{\"grid_size\":12,\"hide_on_desktop\":0,\"hide_on_small_desktop\":0,\"hide_on_tablet\":0,\"hide_on_large_phone\":0,\"hide_on_phone\":0,\"xs_col\":\"\",\"sm_col\":\"\",\"md_col\":\"\",\"xl_col\":\"\",\"custom_class\":\"\",\"name\":\"skills\",\"column_type\":0}}]},{\"type\":\"row\",\"layout\":12,\"settings\":{\"hide_on_desktop\":0,\"hide_on_small_desktop\":0,\"hide_on_tablet\":0,\"hide_on_large_phone\":0,\"hide_on_phone\":0,\"background_position\":\"\",\"background_attachment\":\"\",\"background_size\":\"\",\"background_repeat\":\"\",\"background_image\":\"\",\"background_color\":\"#ffffff\",\"link_hover_color\":\"\",\"link_color\":\"\",\"color\":\"\",\"margin\":\"\",\"padding\":\"\",\"custom_class\":\"portfolio-wrapper tp-spacer\",\"fluidrow\":0,\"name\":\"Portfolios\"},\"attr\":[{\"type\":\"sp_col\",\"settings\":{\"grid_size\":12,\"hide_on_desktop\":0,\"hide_on_small_desktop\":0,\"hide_on_tablet\":0,\"hide_on_large_phone\":0,\"hide_on_phone\":0,\"xs_col\":\"\",\"sm_col\":\"\",\"md_col\":\"\",\"xl_col\":\"\",\"custom_class\":\"\",\"name\":\"portfolio\",\"column_type\":0}}]},{\"type\":\"row\",\"layout\":12,\"settings\":{\"hide_on_desktop\":0,\"hide_on_small_desktop\":0,\"hide_on_tablet\":0,\"hide_on_large_phone\":0,\"hide_on_phone\":0,\"background_position\":\"\",\"background_attachment\":\"\",\"background_size\":\"\",\"background_repeat\":\"\",\"background_image\":\"\",\"background_color\":\"#f7f7f9\",\"link_hover_color\":\"\",\"link_color\":\"\",\"color\":\"\",\"margin\":\"\",\"padding\":\"\",\"custom_class\":\"tp-spacer\",\"fluidrow\":0,\"name\":\"Position4\"},\"attr\":[{\"type\":\"sp_col\",\"settings\":{\"grid_size\":12,\"hide_on_desktop\":0,\"hide_on_small_desktop\":0,\"hide_on_tablet\":0,\"hide_on_large_phone\":0,\"hide_on_phone\":0,\"xs_col\":\"\",\"sm_col\":\"\",\"md_col\":\"\",\"xl_col\":\"\",\"custom_class\":\"\",\"name\":\"position4\",\"column_type\":0}}]},{\"type\":\"row\",\"layout\":12,\"settings\":{\"hide_on_desktop\":0,\"hide_on_small_desktop\":0,\"hide_on_tablet\":0,\"hide_on_large_phone\":0,\"hide_on_phone\":0,\"background_position\":\"\",\"background_attachment\":\"\",\"background_size\":\"\",\"background_repeat\":\"\",\"background_image\":\"\",\"background_color\":\"#ffffff\",\"link_hover_color\":\"\",\"link_color\":\"\",\"color\":\"\",\"margin\":\"\",\"padding\":\"\",\"custom_class\":\"tp-spacer\",\"fluidrow\":0,\"name\":\"Advisors\"},\"attr\":[{\"type\":\"sp_col\",\"settings\":{\"grid_size\":12,\"hide_on_desktop\":0,\"hide_on_small_desktop\":0,\"hide_on_tablet\":0,\"hide_on_large_phone\":0,\"hide_on_phone\":0,\"xs_col\":\"\",\"sm_col\":\"\",\"md_col\":\"\",\"xl_col\":\"\",\"custom_class\":\"\",\"name\":\"advisors\",\"column_type\":0}}]},{\"type\":\"row\",\"layout\":12,\"settings\":{\"hide_on_desktop\":0,\"hide_on_small_desktop\":0,\"hide_on_tablet\":0,\"hide_on_large_phone\":0,\"hide_on_phone\":0,\"background_position\":\"\",\"background_attachment\":\"\",\"background_size\":\"\",\"background_repeat\":\"\",\"background_image\":\"\",\"background_color\":\"#f7f7f9\",\"link_hover_color\":\"\",\"link_color\":\"\",\"color\":\"\",\"margin\":\"\",\"padding\":\"\",\"custom_class\":\"tp-spacer\",\"fluidrow\":0,\"name\":\"Blogs\"},\"attr\":[{\"type\":\"sp_col\",\"settings\":{\"grid_size\":12,\"hide_on_desktop\":0,\"hide_on_small_desktop\":0,\"hide_on_tablet\":0,\"hide_on_large_phone\":0,\"hide_on_phone\":0,\"xs_col\":\"\",\"sm_col\":\"\",\"md_col\":\"\",\"xl_col\":\"\",\"custom_class\":\"\",\"name\":\"blog\",\"column_type\":0}}]},{\"type\":\"row\",\"layout\":12,\"settings\":{\"hide_on_desktop\":0,\"hide_on_small_desktop\":0,\"hide_on_tablet\":0,\"hide_on_large_phone\":0,\"hide_on_phone\":0,\"background_position\":\"\",\"background_attachment\":\"\",\"background_size\":\"\",\"background_repeat\":\"\",\"background_image\":\"\",\"background_color\":\"\",\"link_hover_color\":\"\",\"link_color\":\"\",\"color\":\"\",\"margin\":\"\",\"padding\":\"\",\"custom_class\":\"tp-spacer\",\"fluidrow\":0,\"name\":\"Position5\"},\"attr\":[{\"type\":\"sp_col\",\"settings\":{\"grid_size\":12,\"hide_on_desktop\":0,\"hide_on_small_desktop\":0,\"hide_on_tablet\":0,\"hide_on_large_phone\":0,\"hide_on_phone\":0,\"xs_col\":\"\",\"sm_col\":\"\",\"md_col\":\"\",\"xl_col\":\"\",\"custom_class\":\"\",\"name\":\"position5\",\"column_type\":0}}]},{\"type\":\"row\",\"layout\":\"6+6\",\"settings\":{\"hide_on_desktop\":0,\"hide_on_small_desktop\":0,\"hide_on_tablet\":0,\"hide_on_large_phone\":0,\"hide_on_phone\":0,\"background_position\":\"50% 50%\",\"background_attachment\":\"\",\"background_size\":\"cover\",\"background_repeat\":\"no-repeat\",\"background_image\":\"images\/clients.jpg\",\"background_color\":\"\",\"link_hover_color\":\"\",\"link_color\":\"\",\"color\":\"\",\"margin\":\"\",\"padding\":\"\",\"custom_class\":\"client-testimonials-wrapper tp-spacer\",\"fluidrow\":0,\"name\":\"Client & Testimonials\"},\"attr\":[{\"type\":\"sp_col\",\"settings\":{\"grid_size\":6,\"sortableitem\":\"[object Object]\",\"hide_on_desktop\":0,\"hide_on_small_desktop\":0,\"hide_on_tablet\":0,\"hide_on_large_phone\":0,\"hide_on_phone\":0,\"xs_col\":\"\",\"sm_col\":\"\",\"md_col\":\"\",\"xl_col\":\"\",\"custom_class\":\"\",\"name\":\"client\",\"column_type\":0}},{\"type\":\"sp_col\",\"settings\":{\"grid_size\":6,\"hide_on_desktop\":0,\"hide_on_small_desktop\":0,\"hide_on_tablet\":0,\"hide_on_large_phone\":0,\"hide_on_phone\":0,\"xs_col\":\"\",\"sm_col\":\"\",\"md_col\":\"\",\"xl_col\":\"\",\"custom_class\":\"\",\"name\":\"testimonials\",\"column_type\":0}}]},{\"type\":\"row\",\"layout\":\"6+6\",\"settings\":{\"hide_on_desktop\":0,\"hide_on_small_desktop\":0,\"hide_on_tablet\":0,\"hide_on_large_phone\":0,\"hide_on_phone\":0,\"background_position\":\"\",\"background_attachment\":\"\",\"background_size\":\"\",\"background_repeat\":\"\",\"background_image\":\"\",\"background_color\":\"#ffffff\",\"link_hover_color\":\"\",\"link_color\":\"\",\"color\":\"\",\"margin\":\"\",\"padding\":\"\",\"custom_class\":\"tp-spacer\",\"fluidrow\":0,\"name\":\"Contact\"},\"attr\":[{\"type\":\"sp_col\",\"settings\":{\"grid_size\":6,\"sortableitem\":\"[object Object]\",\"hide_on_desktop\":0,\"hide_on_small_desktop\":0,\"hide_on_tablet\":0,\"hide_on_large_phone\":0,\"hide_on_phone\":0,\"xs_col\":\"\",\"sm_col\":\"\",\"md_col\":\"\",\"xl_col\":\"\",\"custom_class\":\"contact-form-wrapper\",\"name\":\"position6\",\"column_type\":0}},{\"type\":\"sp_col\",\"settings\":{\"grid_size\":6,\"hide_on_desktop\":0,\"hide_on_small_desktop\":0,\"hide_on_tablet\":0,\"hide_on_large_phone\":0,\"hide_on_phone\":0,\"xs_col\":\"\",\"sm_col\":\"\",\"md_col\":\"\",\"xl_col\":\"\",\"custom_class\":\"contact-map-wrapper\",\"name\":\"position7\",\"column_type\":0}}]},{\"type\":\"row\",\"layout\":12,\"settings\":{\"hide_on_desktop\":0,\"hide_on_small_desktop\":0,\"hide_on_tablet\":0,\"hide_on_large_phone\":0,\"hide_on_phone\":0,\"background_position\":\"\",\"background_attachment\":\"\",\"background_size\":\"\",\"background_repeat\":\"\",\"background_image\":\"\",\"background_color\":\"#f7f7f9\",\"link_hover_color\":\"\",\"link_color\":\"\",\"color\":\"\",\"margin\":\"\",\"padding\":\"\",\"custom_class\":\"tp-spacer\",\"fluidrow\":0,\"name\":\"Position8\"},\"attr\":[{\"type\":\"sp_col\",\"settings\":{\"grid_size\":12,\"hide_on_desktop\":0,\"hide_on_small_desktop\":0,\"hide_on_tablet\":0,\"hide_on_large_phone\":0,\"hide_on_phone\":0,\"xs_col\":\"\",\"sm_col\":\"\",\"md_col\":\"\",\"xl_col\":\"\",\"custom_class\":\"\",\"name\":\"position8\",\"column_type\":0}}]},{\"type\":\"row\",\"layout\":\"8+4\",\"settings\":{\"hidden_md\":0,\"hidden_sm\":0,\"hidden_xs\":0,\"name\":\"Bottom\",\"fluidrow\":0,\"custom_class\":\"\",\"padding\":\"\",\"margin\":\"\",\"color\":\"#ffffff\",\"link_color\":\"#ffffff\",\"link_hover_color\":\"#ffffff\",\"background_color\":\"#f61f58\",\"background_image\":\"\",\"background_repeat\":\"\",\"background_size\":\"\",\"background_attachment\":\"\",\"background_position\":\"\",\"hide_on_phone\":0,\"hide_on_large_phone\":0,\"hide_on_tablet\":0,\"hide_on_small_desktop\":0,\"hide_on_desktop\":0},\"attr\":[{\"type\":\"sp_col\",\"settings\":{\"grid_size\":8,\"custom_class\":\"\",\"xs_col\":\"\",\"sm_col\":\"col-sm-6\",\"hidden_md\":0,\"hidden_sm\":0,\"hidden_xs\":0,\"name\":\"bottom1\",\"column_type\":0,\"sortableitem\":\"[object Object]\"}},{\"type\":\"sp_col\",\"settings\":{\"grid_size\":4,\"column_type\":0,\"name\":\"bottom2\",\"hidden_xs\":0,\"hidden_sm\":0,\"hidden_md\":0,\"sm_col\":\"col-sm-6\",\"xs_col\":\"\",\"custom_class\":\"\",\"sortableitem\":\"[object Object]\"}}]},{\"type\":\"row\",\"layout\":\"6+6\",\"settings\":{\"name\":\"Footer\",\"fluidrow\":0,\"custom_class\":\"footer-wrapper\",\"padding\":\"\",\"margin\":\"\",\"color\":\"#ffffff\",\"link_color\":\"#ffffff\",\"link_hover_color\":\"#ffffff\",\"background_color\":\"#f61f58\",\"background_image\":\"\",\"background_repeat\":\"\",\"background_size\":\"\",\"background_attachment\":\"\",\"background_position\":\"\",\"hide_on_phone\":0,\"hide_on_large_phone\":0,\"hide_on_tablet\":0,\"hide_on_small_desktop\":0,\"hide_on_desktop\":0},\"attr\":[{\"type\":\"sp_col\",\"settings\":{\"column_type\":0,\"name\":\"footer1\",\"custom_class\":\"\",\"xl_col\":\"\",\"md_col\":\"\",\"sm_col\":\"\",\"xs_col\":\"\",\"hide_on_phone\":0,\"hide_on_large_phone\":0,\"hide_on_tablet\":0,\"hide_on_small_desktop\":0,\"hide_on_desktop\":0,\"grid_size\":6,\"sortableitem\":\"[object Object]\"}},{\"type\":\"sp_col\",\"settings\":{\"column_type\":0,\"name\":\"footer2\",\"custom_class\":\"\",\"xl_col\":\"\",\"md_col\":\"\",\"sm_col\":\"\",\"xs_col\":\"\",\"hide_on_phone\":0,\"hide_on_large_phone\":0,\"hide_on_tablet\":0,\"hide_on_small_desktop\":0,\"hide_on_desktop\":0,\"grid_size\":6,\"sortableitem\":\"[object Object]\"}}]}]","menu":"mainmenu","menu_type":"mega_offcanvas","dropdown_width":"","menu_animation":"menu-animation-none","offcanvas_position":"right","enable_body_font":"1","body_font":"{\"fontFamily\":\"Open Sans\",\"fontSize\":\"16\",\"fontWeight\":\"400\",\"fontStyle\":\"normal\",\"fontSubset\":\"latin\"}","enable_h1_font":"1","h1_font":"{\"fontFamily\":\"Poppins\",\"fontSize\":\"42\",\"fontWeight\":\"600\",\"fontStyle\":\"normal\",\"fontSubset\":\"latin\"}","enable_h2_font":"1","h2_font":"{\"fontFamily\":\"Poppins\",\"fontSize\":\"32\",\"fontWeight\":\"600\",\"fontStyle\":\"normal\",\"fontSubset\":\"latin\"}","enable_h3_font":"1","h3_font":"{\"fontFamily\":\"Poppins\",\"fontSize\":\"28\",\"fontWeight\":\"600\",\"fontStyle\":\"normal\",\"fontSubset\":\"latin\"}","enable_h4_font":"1","h4_font":"{\"fontFamily\":\"Poppins\",\"fontSize\":\"24\",\"fontWeight\":\"600\",\"fontStyle\":\"\",\"fontSubset\":\"latin\"}","enable_h5_font":"1","h5_font":"{\"fontFamily\":\"Poppins\",\"fontSize\":\"20\",\"fontWeight\":\"500\",\"fontStyle\":\"normal\",\"fontSubset\":\"latin\"}","enable_h6_font":"1","h6_font":"{\"fontFamily\":\"Poppins\",\"fontSize\":\"18\",\"fontWeight\":\"500\",\"fontStyle\":\"normal\",\"fontSubset\":\"latin\"}","enable_navigation_font":"1","navigation_font":"{\"fontFamily\":\"Open Sans\",\"fontSize\":\"16\",\"fontWeight\":\"400\",\"fontStyle\":\"normal\",\"fontSubset\":\"cyrillic-ext\"}","custom_font":"{\"fontFamily\":\"Arial\",\"fontSize\":\"\",\"fontWeight\":\"\",\"fontStyle\":\"\",\"fontSubset\":\"\"}","custom_font_selectors":"","image_small":"1","image_small_size":"100X100","image_thumbnail":"1","image_thumbnail_size":"600X340","image_medium":"1","image_medium_size":"300X300","image_large_size":"600X600","image_crop_quality":"100","blog_list_image":"thumbnail","leading_blog_list_image":"large","blog_details_image":"default","social_share":"1","og_fb_id":"","og_twitter_site":"","comment":"disabled","comment_disqus_subdomain":"","comment_disqus_devmode":"1","comment_intensedebate_acc":"","comment_facebook_app_id":"","comment_facebook_width":"100","comment_facebook_number":"10","comments_count":"1","before_head":"","before_body":"","custom_css":"","custom_js":"","exclude_js":"","scssoption":"1"}